Workbook

Sheet 수습평가표
A1: 메디힘 운영팀장(한상훈) 수습기간 평가표 - 직무 성과 및 역량 평가
B3: 대분류 | C3: 세부 평가항목 | D3: 평가 내용 / 기준 | E3: 가중치 | F3: 1개월차 점수(1-5) | G3: 2개월차 점수(1-5) | H3: 3개월차 점수(1-5) | I3: 평균점수 | J3: 가중점수 (100점 환산) | K3: 평가자 코멘트
A4: 1 | B4: ① 직무 전문성 CRM·DB 분석 및 상담회 운영 (가중치 35%) | C4: CRM 데이터 구조 이해 및 활용 | D4: 구축 중인 CRM 시스템의 데이터 구조·필드·로직을 정확히 이해하고, 실제 운영 업무에 정합성 있게 적용하는가 | E4: 0.07 | I4: =IFERROR(AVERAGE(F4:H4),0) -> 0 | J4: =IFERROR(I4/5*E4*100,0) -> 0
A5: 2 | C5: 고객 DB 분석 기반 인사이트 도출 | D5: 고객 DB를 분석하여 마케팅·서비스기획팀이 실질적으로 활용할 수 있는 전략적 인사이트(세그먼트, 패턴, 페인포인트 등)를 도출하는가 | E5: 0.07 | I5: =IFERROR(AVERAGE(F5:H5),0) -> 0 | J5: =IFERROR(I5/5*E5*100,0) -> 0
A6: 3 | C6: 상담회 사전 모객현황 파악 | D6: 상담회 진행 전 채널별 모객 현황을 정확히 파악하고, 데이터 기반으로 리포팅하는가 | E6: 0.07 | I6: =IFERROR(AVERAGE(F6:H6),0) -> 0 | J6: =IFERROR(I6/5*E6*100,0) -> 0
A7: 4 | C7: 모객 고객 성향분석 | D7: 파악된 모객 고객의 성향(니즈, 시술 관심도, 예산 등)을 분석하여 상담 매칭 및 운영 전략에 실질적으로 반영하는가 | E7: 0.07 | I7: =IFERROR(AVERAGE(F7:H7),0) -> 0 | J7: =IFERROR(I7/5*E7*100,0) -> 0
A8: 5 | C8: 상담회 당일 화상상담 운영관리 | D8: 비대면 화상상담 진행 전반(스케줄링, 참석 확인, 기술적 이슈 대응, 고객/의료진 커뮤니케이션)을 안정적으로 관리하는가 | E8: 0.07 | I8: =IFERROR(AVERAGE(F8:H8),0) -> 0 | J8: =IFERROR(I8/5*E8*100,0) -> 0
A9: 6 | B9: ② 상담회 후속 및 고객 DB 관리 (가중치 15%) | C9: 상담회 후속 DB 관리 체계 | D9: 상담회 종료 후 고객 DB를 체계적으로 정리하고, 후속 컨택 및 관리 프로세스를 수립·운영하는가 | E9: 0.08 | I9: =IFERROR(AVERAGE(F9:H9),0) -> 0 | J9: =IFERROR(I9/5*E9*100,0) -> 0
A10: 7 | C10: 전환율 분석 및 개선안 제시 | D10: 상담-예약-내원 전환 데이터를 분석하여 이탈 구간을 파악하고, 구체적 개선안을 제시하는가 | E10: 0.07 | I10: =IFERROR(AVERAGE(F10:H10),0) -> 0 | J10: =IFERROR(I10/5*E10*100,0) -> 0
A11: 8 | B11: ③ 대외협업_ 일본어 기반 (가중치 20%) | C11: 일본 모객 협력업체 커뮤니케이션 | D11: 일본 현지 모객 협력업체와 원활하게 커뮤니케이션하며, 협업 이슈를 주도적으로 조율·해결하는가 | E11: 0.1 | I11: =IFERROR(AVERAGE(F11:H11),0) -> 0 | J11: =IFERROR(I11/5*E11*100,0) -> 0
A12: 9 | C12: 마케팅 콘텐츠 제작사 협업 | D12: 일본 마케팅 콘텐츠 제작사와의 협업 시 결과물의 품질과 일정을 효과적으로 관리하는가 | E12: 0.1 | I12: =IFERROR(AVERAGE(F12:H12),0) -> 0 | J12: =IFERROR(I12/5*E12*100,0) -> 0
A13: 10 | B13: ④ 리더십 및 조직관리(팀장급) (가중치 15%) | C13: 운영 프로세스/매뉴얼 정립 | D13: 운영팀 업무 프로세스 및 매뉴얼(가이드라인, 체크리스트 등)을 정립하여 팀 전체의 업무 표준화에 기여하는가 | E13: 0.08 | I13: =IFERROR(AVERAGE(F13:H13),0) -> 0 | J13: =IFERROR(I13/5*E13*100,0) -> 0
A14: 11 | C14: 유관부서 협업 리딩 | D14: 마케팅·기획·개발·CS 등 유관부서와의 협업을 주도적으로 리딩하고, 원활한 커뮤니케이션 체계를 구축하는가 | E14: 0.07 | I14: =IFERROR(AVERAGE(F14:H14),0) -> 0 | J14: =IFERROR(I14/5*E14*100,0) -> 0
A15: 12 | B15: ⑤ 조직적응 및 근무태도 (가중치 15%) | C15: 회사 비전/가치관 이해 및 적응 | D15: IPPEO/캐스팅엔의 사업 방향성과 조직문화를 이해하고 자연스럽게 적응하는가 | E15: 0.05 | I15: =IFERROR(AVERAGE(F15:H15),0) -> 0 | J15: =IFERROR(I15/5*E15*100,0) -> 0
A16: 13 | C16: 근태, 성실성, 책임감 | D16: 출퇴근 및 근태가 성실하며, 맡은 업무에 책임감을 갖고 임하는가 | E16: 0.05 | I16: =IFERROR(AVERAGE(F16:H16),0) -> 0 | J16: =IFERROR(I16/5*E16*100,0) -> 0
A17: 14 | C17: 문제해결 주도성 및 자기개발 | D17: 발생한 문제를 수동적으로 보고하는 데 그치지 않고 주도적으로 해결하며, 부족한 역량(도메인 지식 등)을 스스로 학습·보완하는가 | E17: 0.05 | I17: =IFERROR(AVERAGE(F17:H17),0) -> 0 | J17: =IFERROR(I17/5*E17*100,0) -> 0
A18: 합계 (Total) | E18: =SUM(E4:E17) -> 1 | J18: =SUM(J4:J17) -> 0

Sheet 월별체크리스트
A1: 월차별 핵심 마일스톤 체크리스트 (수습기간 3개월)
A2: ※ 본 체크리스트는 '수습평가표'의 정성적 판단 근거 자료로 활용합니다.
B4: 월차 | C4: 핵심 마일스톤 / 기대 산출물 | D4: 달성여부 (O/△/X) | E4: 평가자 코멘트
A5: 1 | B5: 1개월차 (적응·파악) | C5: CRM 구축 현황 및 기존 고객 DB 구조 파악 완료
A6: 2 | C6: 일본 모객 협력업체 / 콘텐츠 제작사 리스트 및 연락 채널 파악, 1차 인사 커뮤니케이션 진행
A7: 3 | C7: 직전 상담회 1~2회 참관 및 운영 프로세스(사전-당일-사후) 숙지
A8: 4 | C8: 운영팀 업무 현황 및 유관부서(마케팅/기획/CS) 협업 구조 파악
A9: 5 | B9: 2개월차 (실행·기여) | C9: 고객 DB 분석 기반 1차 인사이트 리포트 작성 (세그먼트/페인포인트 등)
A10: 6 | C10: 상담회 1회 이상 사전 모객현황 파악부터 성향분석까지 독자적으로 수행
A11: 7 | C11: 상담회 당일 화상상담 운영 실무 주도 (최소 1회)
A12: 8 | C12: 일본 협력업체와의 협업 건 1건 이상 단독 조율 진행
A13: 9 | B13: 3개월차 (안착·제안) | C13: 상담회 사후 고객 DB 관리 체계(후속 컨택 프로세스) 초안 수립
A14: 10 | C14: 운영팀 업무 매뉴얼/가이드라인 초안 작성
A15: 11 | C15: CRM 연계 마케팅·서비스기획 전략 제안서 1건 이상 작성
A16: 12 | C16: 정규직 전환 면담을 위한 자기 성과 요약 및 향후 계획 제출

Sheet 종합결과
B2: 수습기간 종합평가 결과
B4: 피평가자 | C4: 한상훈
B5: 평가 포지션 | C5: 운영팀장 (Operations Team Lead)
B6: 수습기간 | C6: ( 입사일 ) ~ ( 입사일+3개월 )
B8: 구분 | C8: 가중치 | D8: 환산점수(100점 만점 중)
B9: ① 직무 전문성 (CRM·DB분석/상담회 운영) | C9: =수습평가표!E4+수습평가표!E5+수습평가표!E6+수습평가표!E7+수습평가표!E8 -> 0.35 | D9: =수습평가표!J4+수습평가표!J5+수습평가표!J6+수습평가표!J7+수습평가표!J8 -> 0
B10: ② 상담회 후속 및 고객 DB 관리 | C10: =수습평가표!E9+수습평가표!E10 -> 0.15 | D10: =수습평가표!J9+수습평가표!J10 -> 0
B11: ③ 대외협업 (일본어 기반) | C11: =수습평가표!E11+수습평가표!E12 -> 0.2 | D11: =수습평가표!J11+수습평가표!J12 -> 0
B12: ④ 리더십 및 조직관리 | C12: =수습평가표!E13+수습평가표!E14 -> 0.15 | D12: =수습평가표!J13+수습평가표!J14 -> 0
B13: ⑤ 조직적응 및 근무태도 | C13: =수습평가표!E15+수습평가표!E16+수습평가표!E17 -> 0.15 | D13: =수습평가표!J15+수습평가표!J16+수습평가표!J17 -> 0
B14: 최종 종합점수 (100점 만점) | D14: =수습평가표!J18 -> 0
B15: 등급 | C15: =IF(D14>=90,"S (탁월)",IF(D14>=80,"A (우수)",IF(D14>=70,"B (보통)",IF(D14>=60,"C (미흡)","D (저조)")))) -> D (저조)
B16: 정규직 전환 판정 (참고) | C16: =IF(D14>=80,"정규직 전환",IF(D14>=70,"조건부 전환 (보완계획 수립 후 전환)","전환 보류/재검토")) -> 전환 보류/재검토
B18: ■ 종합 의견 (평가자 작성)
B25: 평가자 서명

Sheet 안내
B2: IPPEO(이뻐) 운영팀장 수습기간(3개월) 평가표
B3: 대상: 한상훈 (Sanghoon Han) 후보자 / 포지션: 운영팀장 (Operations Team Lead)
B5: 피평가자 성명 | C5: 한상훈
B6: 지원/채용 포지션 | C6: 운영팀장 (Operations Team Lead) - CRM/고객DB 분석, 일본 협력사 커뮤니케이션, 상담회 운영관리 총괄
B7: 수습기간 | C7: 입사일로부터 3개월 (1개월차 / 2개월차 / 3개월차 단계별 평가)
B8: 평가 목적 | C8: 수습기간 종료 후 정규직 전환 여부 결정을 위한 직무 적합성 및 성과 평가
B9: 평가자 | C9: ( 작성 필요 - 예: 김대진 총괄이사 / 박진국 기획팀 등 )
B10: 평가 기준일 | C10: ( 각 월차 종료 시점 작성 )
B12: ■ 평가 척도 안내 (5점 척도)
B13: 점수 | C13: 등급 | D13: 정의
B14: 5점 | C14: 탁월 (S) | D14: 기대 수준을 크게 초과 달성, 독자적으로 문제를 발굴하고 해결안까지 제시
B15: 4점 | C15: 우수 (A) | D15: 기대 수준을 상회, 별도 지시 없이도 안정적으로 목표 달성
B16: 3점 | C16: 보통 (B) | D16: 기대 수준에 부합, 기본 업무를 무리없이 수행
B17: 2점 | C17: 미흡 (C) | D17: 기대 수준에 다소 미달, 보완 지도가 필요
B18: 1점 | C18: 저조 (D) | D18: 기대 수준에 크게 미달, 직무 적합성 재검토 필요
B20: ■ 최종 전환 판정 기준 (100점 환산 기준)
B21: 90점 이상 | C21: 정규직 전환 (우수)
B22: 80~89.9점 | C22: 정규직 전환
B23: 70~79.9점 | C23: 조건부 전환 (1개월 추가 관찰 또는 보완 계획 수립 후 전환)
B24: 70점 미만 | C24: 전환 보류 / 재검토
B26: ※ 노란색 음영 셀은 평가자가 직접 입력하는 셀입니다. (점수, 코멘트, 담당자명 등)
